State_County,mean_viol_cnty,State,STATE_FIPS,CNTY_FIPS,COUNTY,FIPS,FIPS2
AK_Aleutians West Census Area,0.043478261,AK,2,16,Aleutians West Census Area,2016,f02016
AK_Anchorage Municipality,0.130434783,AK,2,20,Anchorage Municipality,2020,f02020
AK_Fairbanks North Star Borough,0.260869565,AK,2,90,Fairbanks North Star Borough,2090,f02090
AK_Nome Census Area,0.52173913,AK,2,180,Nome Census Area,2180,f02180
AK_Southeast Fairbanks Census Area,0.173913043,AK,2,240,Southeast Fairbanks Census Area,2240,f02240
AK_Yukon-Koyukuk Census Area,0.086956522,AK,2,290,Yukon-Koyukuk Census Area,2290,f02290
AR_Benton,0.217391304,AR,5,7,Benton ,5007,f05007
AR_Garland,0.043478261,AR,5,51,Garland ,5051,f05051
AR_Randolph,0.043478261,AR,5,121,Randolph ,5121,f05121
AZ_Apache,0.043478261,AZ,4,1,Apache ,4001,f04001
AZ_Cochise,0.304347826,AZ,4,3,Cochise ,4003,f04003
AZ_Gila,0.434782609,AZ,4,7,Gila ,4007,f04007
AZ_Graham,0.086956522,AZ,4,9,Graham ,4009,f04009
AZ_Greenlee,0.043478261,AZ,4,11,Greenlee ,4011,f04011
AZ_La Paz,0.739130435,AZ,4,12,La Paz ,4012,f04012
AZ_Maricopa,2.695652174,AZ,4,13,Maricopa ,4013,f04013
AZ_Mohave,0.260869565,AZ,4,15,Mohave ,4015,f04015
AZ_Pima,1.217391304,AZ,4,19,Pima ,4019,f04019
AZ_Pinal,5.043478261,AZ,4,21,Pinal ,4021,f04021
AZ_Santa Cruz,0.086956522,AZ,4,23,Santa Cruz ,4023,f04023
AZ_Yavapai,1.260869565,AZ,4,25,Yavapai ,4025,f04025
AZ_Yuma,0.347826087,AZ,4,27,Yuma ,4027,f04027
CA_Butte,0.130434783,CA,6,7,Butte ,6007,f06007
CA_Contra Costa,0.391304348,CA,6,13,Contra Costa ,6013,f06013
CA_Fresno,3.695652174,CA,6,19,Fresno ,6019,f06019
CA_Glenn,0.043478261,CA,6,21,Glenn ,6021,f06021
CA_Inyo,0.043478261,CA,6,27,Inyo ,6027,f06027
CA_Kern,7.173913043,CA,6,29,Kern ,6029,f06029
CA_Lake,0.086956522,CA,6,33,Lake ,6033,f06033
CA_Lassen,0.043478261,CA,6,35,Lassen ,6035,f06035
CA_Los Angeles,0.869565217,CA,6,37,Los Angeles ,6037,f06037
CA_Madera,1.304347826,CA,6,39,Madera ,6039,f06039
CA_Marin,0.043478261,CA,6,41,Marin ,6041,f06041
CA_Mariposa,0.043478261,CA,6,43,Mariposa ,6043,f06043
CA_Merced,1.086956522,CA,6,47,Merced ,6047,f06047
CA_Monterey,5.304347826,CA,6,53,Monterey ,6053,f06053
CA_Napa,0.086956522,CA,6,55,Napa ,6055,f06055
CA_Orange,0.043478261,CA,6,59,Orange ,6059,f06059
CA_Placer,0.130434783,CA,6,61,Placer ,6061,f06061
CA_Plumas,0.130434783,CA,6,63,Plumas ,6063,f06063
CA_Riverside,1.304347826,CA,6,65,Riverside ,6065,f06065
CA_Sacramento,0.086956522,CA,6,67,Sacramento ,6067,f06067
CA_San Benito,1.130434783,CA,6,69,San Benito ,6069,f06069
CA_San Bernardino,0.869565217,CA,6,71,San Bernardino ,6071,f06071
CA_San Diego,1.826086957,CA,6,73,San Diego ,6073,f06073
CA_San Joaquin,2.52173913,CA,6,77,San Joaquin ,6077,f06077
CA_San Luis Obispo,0.217391304,CA,6,79,San Luis Obispo ,6079,f06079
CA_San Mateo,0.086956522,CA,6,81,San Mateo ,6081,f06081
CA_Santa Barbara,0.173913043,CA,6,83,Santa Barbara ,6083,f06083
CA_Santa Clara,1.086956522,CA,6,85,Santa Clara ,6085,f06085
CA_Shasta,0.086956522,CA,6,89,Shasta ,6089,f06089
CA_Siskiyou,0.347826087,CA,6,93,Siskiyou ,6093,f06093
CA_Solano,0.347826087,CA,6,95,Solano ,6095,f06095
CA_Sonoma,0.652173913,CA,6,97,Sonoma ,6097,f06097
CA_Stanislaus,2.47826087,CA,6,99,Stanislaus ,6099,f06099
CA_Sutter,1.913043478,CA,6,101,Sutter ,6101,f06101
CA_Tehama,0.130434783,CA,6,103,Tehama ,6103,f06103
CA_Tulare,24.43478261,CA,6,107,Tulare ,6107,f06107
CA_Ventura,0.260869565,CA,6,111,Ventura ,6111,f06111
CA_Yolo,1.130434783,CA,6,113,Yolo ,6113,f06113
CO_Adams,0.304347826,CO,8,1,Adams ,8001,f08001
CO_Arapahoe,0.043478261,CO,8,5,Arapahoe ,8005,f08005
CO_Archuleta,0.043478261,CO,8,7,Archuleta ,8007,f08007
CO_Boulder,0.130434783,CO,8,13,Boulder ,8013,f08013
CO_Chaffee,0.217391304,CO,8,15,Chaffee ,8015,f08015
CO_Cheyenne,0.043478261,CO,8,17,Cheyenne ,8017,f08017
CO_Clear Creek,0.043478261,CO,8,19,Clear Creek ,8019,f08019
CO_El Paso,0.217391304,CO,8,41,El Paso ,8041,f08041
CO_Fremont,0.043478261,CO,8,43,Fremont ,8043,f08043
CO_Garfield,0.304347826,CO,8,45,Garfield ,8045,f08045
CO_Gilpin,0.260869565,CO,8,47,Gilpin ,8047,f08047
CO_Grand,0.217391304,CO,8,49,Grand ,8049,f08049
CO_Jefferson,0.217391304,CO,8,59,Jefferson ,8059,f08059
CO_Kiowa,0.173913043,CO,8,61,Kiowa ,8061,f08061
CO_Kit Carson,0.260869565,CO,8,63,Kit Carson ,8063,f08063
CO_Lake,0.130434783,CO,8,65,Lake ,8065,f08065
CO_Larimer,0.043478261,CO,8,69,Larimer ,8069,f08069
CO_Lincoln,0.043478261,CO,8,73,Lincoln ,8073,f08073
CO_Logan,0.434782609,CO,8,75,Logan ,8075,f08075
CO_Morgan,0.347826087,CO,8,87,Morgan ,8087,f08087
CO_Otero,0.043478261,CO,8,89,Otero ,8089,f08089
CO_Park,0.391304348,CO,8,93,Park ,8093,f08093
CO_Pueblo,0.130434783,CO,8,101,Pueblo ,8101,f08101
CO_Rio Blanco,0.086956522,CO,8,103,Rio Blanco ,8103,f08103
CO_Rio Grande,0.043478261,CO,8,105,Rio Grande ,8105,f08105
CO_Routt,0.043478261,CO,8,107,Routt ,8107,f08107
CO_Sedgwick,0.130434783,CO,8,115,Sedgwick ,8115,f08115
CO_Teller,0.173913043,CO,8,119,Teller ,8119,f08119
CO_Washington,0.173913043,CO,8,121,Washington ,8121,f08121
CO_Weld,0.956521739,CO,8,123,Weld ,8123,f08123
CO_Yuma,0.347826087,CO,8,125,Yuma ,8125,f08125
CT_Fairfield,0.739130435,CT,9,1,Fairfield ,9001,f09001
CT_Hartford,0.260869565,CT,9,3,Hartford ,9003,f09003
CT_Litchfield,0.47826087,CT,9,5,Litchfield ,9005,f09005
CT_Middlesex,0.130434783,CT,9,7,Middlesex ,9007,f09007
CT_New Haven,0.608695652,CT,9,9,New Haven ,9009,f09009
CT_New London,1,CT,9,11,New London ,9011,f09011
CT_Tolland,0.173913043,CT,9,13,Tolland ,9013,f09013
CT_Windham,0.304347826,CT,9,15,Windham ,9015,f09015
DE_Kent,1.565217391,DE,10,1,Kent ,10001,f10001
DE_New Castle,0.260869565,DE,10,3,New Castle ,10003,f10003
DE_Sussex,10.52173913,DE,10,5,Sussex ,10005,f10005
FL_Bradford,0.043478261,FL,12,7,Bradford ,12007,f12007
FL_Brevard,0.130434783,FL,12,9,Brevard ,12009,f12009
FL_Citrus,0.086956522,FL,12,17,Citrus ,12017,f12017
FL_Columbia,0.043478261,FL,12,23,Columbia ,12023,f12023
FL_Hardee,0.086956522,FL,12,49,Hardee ,12049,f12049
FL_Highlands,0.130434783,FL,12,55,Highlands ,12055,f12055
FL_Hillsborough,1.869565217,FL,12,57,Hillsborough ,12057,f12057
FL_Lafayette,0.086956522,FL,12,67,Lafayette ,12067,f12067
FL_Lake,0.391304348,FL,12,69,Lake ,12069,f12069
FL_Lee,0.043478261,FL,12,71,Lee ,12071,f12071
FL_Marion,0.173913043,FL,12,83,Marion ,12083,f12083
FL_Miami-Dade,0.347826087,FL,12,86,Miami-Dade ,12086,f12086
FL_Orange,0.130434783,FL,12,95,Orange ,12095,f12095
FL_Pasco,0.52173913,FL,12,101,Pasco ,12101,f12101
FL_Polk,0.347826087,FL,12,105,Polk ,12105,f12105
FL_Suwannee,0.043478261,FL,12,121,Suwannee ,12121,f12121
FL_Volusia,0.173913043,FL,12,127,Volusia ,12127,f12127
GA_Hall,0.043478261,GA,13,139,Hall ,13139,f13139
GA_Jackson,0.043478261,GA,13,157,Jackson ,13157,f13157
GA_Jefferson,0.043478261,GA,13,163,Jefferson ,13163,f13163
GA_Macon,0.130434783,GA,13,193,Macon ,13193,f13193
GA_Mitchell,0.086956522,GA,13,205,Mitchell ,13205,f13205
GA_Randolph,0.043478261,GA,13,243,Randolph ,13243,f13243
GA_White,0.043478261,GA,13,311,White ,13311,f13311
IA_Allamakee,0.217391304,IA,19,5,Allamakee ,19005,f19005
IA_Benton,0.043478261,IA,19,11,Benton ,19011,f19011
IA_Black Hawk,1.434782609,IA,19,13,Black Hawk ,19013,f19013
IA_Bremer,0.956521739,IA,19,17,Bremer ,19017,f19017
IA_Buchanan,0.260869565,IA,19,19,Buchanan ,19019,f19019
IA_Buena Vista,0.130434783,IA,19,21,Buena Vista ,19021,f19021
IA_Butler,0.260869565,IA,19,23,Butler ,19023,f19023
IA_Carroll,0.086956522,IA,19,27,Carroll ,19027,f19027
IA_Cass,0.304347826,IA,19,29,Cass ,19029,f19029
IA_Cerro Gordo,0.086956522,IA,19,33,Cerro Gordo ,19033,f19033
IA_Chickasaw,0.52173913,IA,19,37,Chickasaw ,19037,f19037
IA_Clay,0.217391304,IA,19,41,Clay ,19041,f19041
IA_Clayton,1.086956522,IA,19,43,Clayton ,19043,f19043
IA_Clinton,0.739130435,IA,19,45,Clinton ,19045,f19045
IA_Crawford,0.434782609,IA,19,47,Crawford ,19047,f19047
IA_Delaware,1,IA,19,55,Delaware ,19055,f19055
IA_Dubuque,0.739130435,IA,19,61,Dubuque ,19061,f19061
IA_Fayette,0.695652174,IA,19,65,Fayette ,19065,f19065
IA_Floyd,0.173913043,IA,19,67,Floyd ,19067,f19067
IA_Franklin,0.130434783,IA,19,69,Franklin ,19069,f19069
IA_Guthrie,0.304347826,IA,19,77,Guthrie ,19077,f19077
IA_Hardin,0.086956522,IA,19,83,Hardin ,19083,f19083
IA_Harrison,0.130434783,IA,19,85,Harrison ,19085,f19085
IA_Howard,0.869565217,IA,19,89,Howard ,19089,f19089
IA_Humboldt,0.086956522,IA,19,91,Humboldt ,19091,f19091
IA_Ida,0.391304348,IA,19,93,Ida ,19093,f19093
IA_Jackson,0.130434783,IA,19,97,Jackson ,19097,f19097
IA_Jasper,0.043478261,IA,19,99,Jasper ,19099,f19099
IA_Johnson,0.391304348,IA,19,103,Johnson ,19103,f19103
IA_Jones,0.565217391,IA,19,105,Jones ,19105,f19105
IA_Lee,0.304347826,IA,19,111,Lee ,19111,f19111
IA_Linn,0.869565217,IA,19,113,Linn ,19113,f19113
IA_Louisa,0.173913043,IA,19,115,Louisa ,19115,f19115
IA_Lyon,0.695652174,IA,19,119,Lyon ,19119,f19119
IA_Madison,0.217391304,IA,19,121,Madison ,19121,f19121
IA_Mahaska,0.086956522,IA,19,123,Mahaska ,19123,f19123
IA_Marshall,0.043478261,IA,19,127,Marshall ,19127,f19127
IA_Mills,0.52173913,IA,19,129,Mills ,19129,f19129
IA_Mitchell,0.47826087,IA,19,131,Mitchell ,19131,f19131
IA_Monona,0.47826087,IA,19,133,Monona ,19133,f19133
IA_Muscatine,0.47826087,IA,19,139,Muscatine ,19139,f19139
IA_O'Brien,0.086956522,IA,19,141,O'Brien ,19141,f19141
IA_Page,0.434782609,IA,19,145,Page ,19145,f19145
IA_Palo Alto,0.086956522,IA,19,147,Palo Alto ,19147,f19147
IA_Pocahontas,0.130434783,IA,19,151,Pocahontas ,19151,f19151
IA_Pottawattamie,0.391304348,IA,19,155,Pottawattamie ,19155,f19155
IA_Sac,0.347826087,IA,19,161,Sac ,19161,f19161
IA_Scott,0.391304348,IA,19,163,Scott ,19163,f19163
IA_Sioux,0.173913043,IA,19,167,Sioux ,19167,f19167
IA_Van Buren,0.086956522,IA,19,177,Van Buren ,19177,f19177
IA_Warren,0.043478261,IA,19,181,Warren ,19181,f19181
IA_Winneshiek,0.608695652,IA,19,191,Winneshiek ,19191,f19191
IA_Woodbury,0.52173913,IA,19,193,Woodbury ,19193,f19193
IA_Wright,0.086956522,IA,19,197,Wright ,19197,f19197
ID_Ada,0.347826087,ID,16,1,Ada ,16001,f16001
ID_Bannock,0.260869565,ID,16,5,Bannock ,16005,f16005
ID_Bingham,0.434782609,ID,16,11,Bingham ,16011,f16011
ID_Boise,0.130434783,ID,16,15,Boise ,16015,f16015
ID_Canyon,1.52173913,ID,16,27,Canyon ,16027,f16027
ID_Caribou,0.043478261,ID,16,29,Caribou ,16029,f16029
ID_Cassia,0.391304348,ID,16,31,Cassia ,16031,f16031
ID_Elmore,0.217391304,ID,16,39,Elmore ,16039,f16039
ID_Franklin,0.086956522,ID,16,41,Franklin ,16041,f16041
ID_Fremont,0.217391304,ID,16,43,Fremont ,16043,f16043
ID_Kootenai,0.086956522,ID,16,55,Kootenai ,16055,f16055
ID_Latah,0.086956522,ID,16,57,Latah ,16057,f16057
ID_Lincoln,0.043478261,ID,16,63,Lincoln ,16063,f16063
ID_Madison,0.130434783,ID,16,65,Madison ,16065,f16065
ID_Nez Perce,0.347826087,ID,16,69,Nez Perce ,16069,f16069
ID_Owyhee,0.260869565,ID,16,73,Owyhee ,16073,f16073
ID_Payette,0.217391304,ID,16,75,Payette ,16075,f16075
ID_Twin Falls,0.173913043,ID,16,83,Twin Falls ,16083,f16083
ID_Washington,0.304347826,ID,16,87,Washington ,16087,f16087
IL_Adams,0.304347826,IL,17,1,Adams ,17001,f17001
IL_Boone,0.130434783,IL,17,7,Boone ,17007,f17007
IL_Bureau,0.043478261,IL,17,11,Bureau ,17011,f17011
IL_Carroll,0.695652174,IL,17,15,Carroll ,17015,f17015
IL_Clinton,0.086956522,IL,17,27,Clinton ,17027,f17027
IL_Coles,0.130434783,IL,17,29,Coles ,17029,f17029
IL_Crawford,0.086956522,IL,17,33,Crawford ,17033,f17033
IL_Edgar,0.043478261,IL,17,45,Edgar ,17045,f17045
IL_Fulton,0.130434783,IL,17,57,Fulton ,17057,f17057
IL_Greene,0.043478261,IL,17,61,Greene ,17061,f17061
IL_Henderson,0.47826087,IL,17,71,Henderson ,17071,f17071
IL_Henry,0.217391304,IL,17,73,Henry ,17073,f17073
IL_Jo Daviess,0.043478261,IL,17,85,Jo Daviess ,17085,f17085
IL_Kane,0.043478261,IL,17,89,Kane ,17089,f17089
IL_Kendall,0.043478261,IL,17,93,Kendall ,17093,f17093
IL_LaSalle,0.173913043,IL,17,99,LaSalle ,17099,f17099
IL_Lawrence,0.695652174,IL,17,101,Lawrence ,17101,f17101
IL_Lee,0.347826087,IL,17,103,Lee ,17103,f17103
IL_Logan,0.347826087,IL,17,107,Logan ,17107,f17107
IL_Macon,0.956521739,IL,17,115,Macon ,17115,f17115
IL_Madison,0.043478261,IL,17,119,Madison ,17119,f17119
IL_Marshall,0.47826087,IL,17,123,Marshall ,17123,f17123
IL_Mason,1.173913043,IL,17,125,Mason ,17125,f17125
IL_McDonough,0.086956522,IL,17,109,McDonough ,17109,f17109
IL_McHenry,0.260869565,IL,17,111,McHenry ,17111,f17111
IL_Mercer,0.086956522,IL,17,131,Mercer ,17131,f17131
IL_Monroe,0.217391304,IL,17,133,Monroe ,17133,f17133
IL_Ogle,0.304347826,IL,17,141,Ogle ,17141,f17141
IL_Peoria,0.782608696,IL,17,143,Peoria ,17143,f17143
IL_Pike,0.086956522,IL,17,149,Pike ,17149,f17149
IL_Putnam,0.217391304,IL,17,155,Putnam ,17155,f17155
IL_Rock Island,0.173913043,IL,17,161,Rock Island ,17161,f17161
IL_Shelby,0.086956522,IL,17,173,Shelby ,17173,f17173
IL_Stephenson,0.130434783,IL,17,177,Stephenson ,17177,f17177
IL_Tazewell,0.52173913,IL,17,179,Tazewell ,17179,f17179
IL_Vermilion,1.086956522,IL,17,183,Vermilion ,17183,f17183
IL_Warren,0.086956522,IL,17,187,Warren ,17187,f17187
IL_Whiteside,0.869565217,IL,17,195,Whiteside ,17195,f17195
IL_Winnebago,1.086956522,IL,17,201,Winnebago ,17201,f17201
IN_Adams,0.043478261,IN,18,1,Adams ,18001,f18001
IN_Bartholomew,1.217391304,IN,18,5,Bartholomew ,18005,f18005
IN_Blackford,0.043478261,IN,18,9,Blackford ,18009,f18009
IN_Cass,0.173913043,IN,18,17,Cass ,18017,f18017
IN_Daviess,0.173913043,IN,18,27,Daviess ,18027,f18027
IN_Decatur,0.043478261,IN,18,31,Decatur ,18031,f18031
IN_Delaware,0.043478261,IN,18,35,Delaware ,18035,f18035
IN_Elkhart,2.826086957,IN,18,39,Elkhart ,18039,f18039
IN_Fayette,0.173913043,IN,18,41,Fayette ,18041,f18041
IN_Fulton,0.043478261,IN,18,49,Fulton ,18049,f18049
IN_Gibson,0.260869565,IN,18,51,Gibson ,18051,f18051
IN_Hamilton,0.043478261,IN,18,57,Hamilton ,18057,f18057
IN_Hendricks,0.043478261,IN,18,63,Hendricks ,18063,f18063
IN_Henry,0.130434783,IN,18,65,Henry ,18065,f18065
IN_Howard,0.043478261,IN,18,67,Howard ,18067,f18067
IN_Jackson,0.043478261,IN,18,71,Jackson ,18071,f18071
IN_Jasper,0.043478261,IN,18,73,Jasper ,18073,f18073
IN_Jefferson,0.173913043,IN,18,77,Jefferson ,18077,f18077
IN_Knox,0.434782609,IN,18,83,Knox ,18083,f18083
IN_Kosciusko,1.043478261,IN,18,85,Kosciusko ,18085,f18085
IN_LaGrange,4.173913043,IN,18,87,LaGrange ,18087,f18087
IN_Lake,0.043478261,IN,18,89,Lake ,18089,f18089
IN_LaPorte,2.347826087,IN,18,91,LaPorte ,18091,f18091
IN_Marion,0.043478261,IN,18,97,Marion ,18097,f18097
IN_Marshall,0.608695652,IN,18,99,Marshall ,18099,f18099
IN_Miami,0.130434783,IN,18,103,Miami ,18103,f18103
IN_Morgan,0.086956522,IN,18,109,Morgan ,18109,f18109
IN_Newton,0.260869565,IN,18,111,Newton ,18111,f18111
IN_Noble,0.608695652,IN,18,113,Noble ,18113,f18113
IN_Parke,0.52173913,IN,18,121,Parke ,18121,f18121
IN_Posey,0.130434783,IN,18,129,Posey ,18129,f18129
IN_Pulaski,0.086956522,IN,18,131,Pulaski ,18131,f18131
IN_Randolph,0.043478261,IN,18,135,Randolph ,18135,f18135
IN_Ripley,0.043478261,IN,18,137,Ripley ,18137,f18137
IN_Rush,0.086956522,IN,18,139,Rush ,18139,f18139
IN_Shelby,0.130434783,IN,18,145,Shelby ,18145,f18145
IN_St. Joseph,2.086956522,IN,18,141,St. Joseph ,18141,f18141
IN_Starke,0.043478261,IN,18,149,Starke ,18149,f18149
IN_Steuben,0.130434783,IN,18,151,Steuben ,18151,f18151
IN_Sullivan,0.130434783,IN,18,153,Sullivan ,18153,f18153
IN_Tippecanoe,0.434782609,IN,18,157,Tippecanoe ,18157,f18157
IN_Union,0.130434783,IN,18,161,Union ,18161,f18161
IN_Vermillion,1.260869565,IN,18,165,Vermillion ,18165,f18165
IN_Vigo,0.304347826,IN,18,167,Vigo ,18167,f18167
IN_Wabash,0.043478261,IN,18,169,Wabash ,18169,f18169
IN_Warren,0.217391304,IN,18,171,Warren ,18171,f18171
IN_Wayne,0.565217391,IN,18,177,Wayne ,18177,f18177
IN_White,0.304347826,IN,18,181,White ,18181,f18181
KS_Anderson,0.086956522,KS,20,3,Anderson ,20003,f20003
KS_Brown,2.043478261,KS,20,13,Brown ,20013,f20013
KS_Clay,0.608695652,KS,20,27,Clay ,20027,f20027
KS_Comanche,0.130434783,KS,20,33,Comanche ,20033,f20033
KS_Decatur,0.347826087,KS,20,39,Decatur ,20039,f20039
KS_Dickinson,0.434782609,KS,20,41,Dickinson ,20041,f20041
KS_Doniphan,0.434782609,KS,20,43,Doniphan ,20043,f20043
KS_Edwards,0.217391304,KS,20,47,Edwards ,20047,f20047
KS_Ellis,0.130434783,KS,20,51,Ellis ,20051,f20051
KS_Ellsworth,0.130434783,KS,20,53,Ellsworth ,20053,f20053
KS_Finney,0.260869565,KS,20,55,Finney ,20055,f20055
KS_Ford,0.434782609,KS,20,57,Ford ,20057,f20057
KS_Gove,0.130434783,KS,20,63,Gove ,20063,f20063
KS_Graham,0.130434783,KS,20,65,Graham ,20065,f20065
KS_Gray,0.173913043,KS,20,69,Gray ,20069,f20069
KS_Greeley,0.086956522,KS,20,71,Greeley ,20071,f20071
KS_Harper,1.043478261,KS,20,77,Harper ,20077,f20077
KS_Haskell,0.217391304,KS,20,81,Haskell ,20081,f20081
KS_Jefferson,0.434782609,KS,20,87,Jefferson ,20087,f20087
KS_Jewell,0.608695652,KS,20,89,Jewell ,20089,f20089
KS_Kingman,1.043478261,KS,20,95,Kingman ,20095,f20095
KS_Kiowa,0.565217391,KS,20,97,Kiowa ,20097,f20097
KS_Lane,0.086956522,KS,20,101,Lane ,20101,f20101
KS_Lincoln,0.304347826,KS,20,105,Lincoln ,20105,f20105
KS_Logan,0.130434783,KS,20,109,Logan ,20109,f20109
KS_Marion,0.086956522,KS,20,115,Marion ,20115,f20115
KS_Marshall,0.130434783,KS,20,117,Marshall ,20117,f20117
KS_McPherson,0.043478261,KS,20,113,McPherson ,20113,f20113
KS_Meade,0.086956522,KS,20,119,Meade ,20119,f20119
KS_Mitchell,0.043478261,KS,20,123,Mitchell ,20123,f20123
KS_Morris,0.304347826,KS,20,127,Morris ,20127,f20127
KS_Ness,0.260869565,KS,20,135,Ness ,20135,f20135
KS_Norton,0.347826087,KS,20,137,Norton ,20137,f20137
KS_Osage,0.043478261,KS,20,139,Osage ,20139,f20139
KS_Osborne,0.826086957,KS,20,141,Osborne ,20141,f20141
KS_Ottawa,0.086956522,KS,20,143,Ottawa ,20143,f20143
KS_Pawnee,0.217391304,KS,20,145,Pawnee ,20145,f20145
KS_Phillips,1.260869565,KS,20,147,Phillips ,20147,f20147
KS_Pottawatomie,0.173913043,KS,20,149,Pottawatomie ,20149,f20149
KS_Pratt,0.173913043,KS,20,151,Pratt ,20151,f20151
KS_Rawlins,0.130434783,KS,20,153,Rawlins ,20153,f20153
KS_Reno,1.739130435,KS,20,155,Reno ,20155,f20155
KS_Republic,0.347826087,KS,20,157,Republic ,20157,f20157
KS_Rice,0.52173913,KS,20,159,Rice ,20159,f20159
KS_Riley,0.304347826,KS,20,161,Riley ,20161,f20161
KS_Rooks,0.47826087,KS,20,163,Rooks ,20163,f20163
KS_Rush,0.086956522,KS,20,165,Rush ,20165,f20165
KS_Russell,0.260869565,KS,20,167,Russell ,20167,f20167
KS_Scott,0.260869565,KS,20,171,Scott ,20171,f20171
KS_Sedgwick,1.086956522,KS,20,173,Sedgwick ,20173,f20173
KS_Shawnee,0.043478261,KS,20,177,Shawnee ,20177,f20177
KS_Sherman,0.391304348,KS,20,181,Sherman ,20181,f20181
KS_Smith,0.260869565,KS,20,183,Smith ,20183,f20183
KS_Stafford,0.173913043,KS,20,185,Stafford ,20185,f20185
KS_Sumner,2.130434783,KS,20,191,Sumner ,20191,f20191
KS_Thomas,0.565217391,KS,20,193,Thomas ,20193,f20193
KS_Wabaunsee,0.086956522,KS,20,197,Wabaunsee ,20197,f20197
KS_Washington,0.52173913,KS,20,201,Washington ,20201,f20201
KS_Wichita,0.217391304,KS,20,203,Wichita ,20203,f20203
KY_Ballard,0.217391304,KY,21,7,Ballard ,21007,f21007
KY_Harlan,0.217391304,KY,21,95,Harlan ,21095,f21095
KY_Morgan,0.043478261,KY,21,175,Morgan ,21175,f21175
MA_Barnstable,0.260869565,MA,25,1,Barnstable ,25001,f25001
MA_Berkshire,0.086956522,MA,25,3,Berkshire ,25003,f25003
MA_Bristol,0.043478261,MA,25,5,Bristol ,25005,f25005
MA_Franklin,0.043478261,MA,25,11,Franklin ,25011,f25011
MA_Hampden,0.043478261,MA,25,13,Hampden ,25013,f25013
MA_Hampshire,0.086956522,MA,25,15,Hampshire ,25015,f25015
MA_Middlesex,0.217391304,MA,25,17,Middlesex ,25017,f25017
MA_Norfolk,0.043478261,MA,25,21,Norfolk ,25021,f25021
MA_Plymouth,0.130434783,MA,25,23,Plymouth ,25023,f25023
MA_Worcester,0.391304348,MA,25,27,Worcester ,25027,f25027
MD_Allegany,0.043478261,MD,24,1,Allegany ,24001,f24001
MD_Anne Arundel,0.47826087,MD,24,3,Anne Arundel ,24003,f24003
MD_Baltimore,2.043478261,MD,24,5,Baltimore ,24005,f24005
MD_Caroline,0.260869565,MD,24,11,Caroline ,24011,f24011
MD_Carroll,3.217391304,MD,24,13,Carroll ,24013,f24013
MD_Cecil,0.47826087,MD,24,15,Cecil ,24015,f24015
MD_Charles,0.043478261,MD,24,17,Charles ,24017,f24017
MD_Dorchester,0.086956522,MD,24,19,Dorchester ,24019,f24019
MD_Frederick,0.652173913,MD,24,21,Frederick ,24021,f24021
MD_Harford,1.47826087,MD,24,25,Harford ,24025,f24025
MD_Howard,0.52173913,MD,24,27,Howard ,24027,f24027
MD_Kent,0.086956522,MD,24,29,Kent ,24029,f24029
MD_Montgomery,0.347826087,MD,24,31,Montgomery ,24031,f24031
MD_Queen Anne's,0.434782609,MD,24,35,Queen Anne's ,24035,f24035
MD_Talbot,0.130434783,MD,24,41,Talbot ,24041,f24041
MD_Washington,0.739130435,MD,24,43,Washington ,24043,f24043
MD_Wicomico,1.130434783,MD,24,45,Wicomico ,24045,f24045
MD_Worcester,0.47826087,MD,24,47,Worcester ,24047,f24047
ME_Aroostook,0.652173913,ME,23,3,Aroostook ,23003,f23003
ME_Cumberland,0.304347826,ME,23,5,Cumberland ,23005,f23005
ME_Hancock,0.086956522,ME,23,9,Hancock ,23009,f23009
ME_Lincoln,0.043478261,ME,23,15,Lincoln ,23015,f23015
ME_Penobscot,0.304347826,ME,23,19,Penobscot ,23019,f23019
ME_Piscataquis,0.130434783,ME,23,21,Piscataquis ,23021,f23021
ME_Somerset,0.173913043,ME,23,25,Somerset ,23025,f23025
ME_York,0.130434783,ME,23,31,York ,23031,f23031
MI_Alger,0.043478261,MI,26,3,Alger ,26003,f26003
MI_Allegan,0.52173913,MI,26,5,Allegan ,26005,f26005
MI_Alpena,0.130434783,MI,26,7,Alpena ,26007,f26007
MI_Antrim,0.043478261,MI,26,9,Antrim ,26009,f26009
MI_Barry,0.173913043,MI,26,15,Barry ,26015,f26015
MI_Benzie,0.043478261,MI,26,19,Benzie ,26019,f26019
MI_Berrien,0.130434783,MI,26,21,Berrien ,26021,f26021
MI_Branch,0.47826087,MI,26,23,Branch ,26023,f26023
MI_Calhoun,0.130434783,MI,26,25,Calhoun ,26025,f26025
MI_Cass,0.304347826,MI,26,27,Cass ,26027,f26027
MI_Charlevoix,0.173913043,MI,26,29,Charlevoix ,26029,f26029
MI_Clare,0.043478261,MI,26,35,Clare ,26035,f26035
MI_Dickinson,0.043478261,MI,26,43,Dickinson ,26043,f26043
MI_Emmet,0.173913043,MI,26,47,Emmet ,26047,f26047
MI_Hillsdale,0.260869565,MI,26,59,Hillsdale ,26059,f26059
MI_Ionia,0.391304348,MI,26,67,Ionia ,26067,f26067
MI_Iosco,0.217391304,MI,26,69,Iosco ,26069,f26069
MI_Iron,0.043478261,MI,26,71,Iron ,26071,f26071
MI_Isabella,0.086956522,MI,26,73,Isabella ,26073,f26073
MI_Kalamazoo,0.434782609,MI,26,77,Kalamazoo ,26077,f26077
MI_Kalkaska,0.043478261,MI,26,79,Kalkaska ,26079,f26079
MI_Kent,0.826086957,MI,26,81,Kent ,26081,f26081
MI_Leelanau,0.086956522,MI,26,89,Leelanau ,26089,f26089
MI_Lenawee,0.304347826,MI,26,91,Lenawee ,26091,f26091
MI_Livingston,0.043478261,MI,26,93,Livingston ,26093,f26093
MI_Luce,0.043478261,MI,26,95,Luce ,26095,f26095
MI_Manistee,0.086956522,MI,26,101,Manistee ,26101,f26101
MI_Mason,0.173913043,MI,26,105,Mason ,26105,f26105
MI_Mecosta,0.130434783,MI,26,107,Mecosta ,26107,f26107
MI_Menominee,0.043478261,MI,26,109,Menominee ,26109,f26109
MI_Missaukee,0.130434783,MI,26,113,Missaukee ,26113,f26113
MI_Monroe,0.043478261,MI,26,115,Monroe ,26115,f26115
MI_Montcalm,0.260869565,MI,26,117,Montcalm ,26117,f26117
MI_Muskegon,0.304347826,MI,26,121,Muskegon ,26121,f26121
MI_Newaygo,0.086956522,MI,26,123,Newaygo ,26123,f26123
MI_Oakland,0.217391304,MI,26,125,Oakland ,26125,f26125
MI_Oceana,0.347826087,MI,26,127,Oceana ,26127,f26127
MI_Osceola,0.043478261,MI,26,133,Osceola ,26133,f26133
MI_Oscoda,0.043478261,MI,26,135,Oscoda ,26135,f26135
MI_Otsego,0.130434783,MI,26,137,Otsego ,26137,f26137
MI_Ottawa,0.52173913,MI,26,139,Ottawa ,26139,f26139
MI_Roscommon,0.043478261,MI,26,143,Roscommon ,26143,f26143
MI_St. Joseph,1.043478261,MI,26,149,St. Joseph ,26149,f26149
MI_Tuscola,0.043478261,MI,26,157,Tuscola ,26157,f26157
MI_Van Buren,0.043478261,MI,26,159,Van Buren ,26159,f26159
MI_Wexford,0.043478261,MI,26,165,Wexford ,26165,f26165
MN_Anoka,0.043478261,MN,27,3,Anoka ,27003,f27003
MN_Becker,0.391304348,MN,27,5,Becker ,27005,f27005
MN_Beltrami,0.043478261,MN,27,7,Beltrami ,27007,f27007
MN_Benton,0.347826087,MN,27,9,Benton ,27009,f27009
MN_Big Stone,0.130434783,MN,27,11,Big Stone ,27011,f27011
MN_Brown,0.043478261,MN,27,15,Brown ,27015,f27015
MN_Carlton,0.043478261,MN,27,17,Carlton ,27017,f27017
MN_Carver,0.043478261,MN,27,19,Carver ,27019,f27019
MN_Cass,0.173913043,MN,27,21,Cass ,27021,f27021
MN_Chippewa,0.130434783,MN,27,23,Chippewa ,27023,f27023
MN_Chisago,0.043478261,MN,27,25,Chisago ,27025,f27025
MN_Crow Wing,0.608695652,MN,27,35,Crow Wing ,27035,f27035
MN_Dakota,1.173913043,MN,27,37,Dakota ,27037,f27037
MN_Douglas,0.260869565,MN,27,41,Douglas ,27041,f27041
MN_Fillmore,0.565217391,MN,27,45,Fillmore ,27045,f27045
MN_Goodhue,0.260869565,MN,27,49,Goodhue ,27049,f27049
MN_Houston,0.086956522,MN,27,55,Houston ,27055,f27055
MN_Hubbard,0.869565217,MN,27,57,Hubbard ,27057,f27057
MN_Isanti,0.173913043,MN,27,59,Isanti ,27059,f27059
MN_Jackson,0.130434783,MN,27,63,Jackson ,27063,f27063
MN_Kanabec,0.043478261,MN,27,65,Kanabec ,27065,f27065
MN_Kandiyohi,0.086956522,MN,27,67,Kandiyohi ,27067,f27067
MN_Lake,0.086956522,MN,27,75,Lake ,27075,f27075
MN_Lake of the Woods,0.043478261,MN,27,77,Lake of the Woods ,27077,f27077
MN_Lincoln,0.130434783,MN,27,81,Lincoln ,27081,f27081
MN_Lyon,0.043478261,MN,27,83,Lyon ,27083,f27083
MN_Martin,0.043478261,MN,27,91,Martin ,27091,f27091
MN_Mille Lacs,0.130434783,MN,27,95,Mille Lacs ,27095,f27095
MN_Morrison,0.47826087,MN,27,97,Morrison ,27097,f27097
MN_Mower,0.043478261,MN,27,99,Mower ,27099,f27099
MN_Murray,0.043478261,MN,27,101,Murray ,27101,f27101
MN_Nobles,0.173913043,MN,27,105,Nobles ,27105,f27105
MN_Norman,0.130434783,MN,27,107,Norman ,27107,f27107
MN_Olmsted,0.173913043,MN,27,109,Olmsted ,27109,f27109
MN_Otter Tail,1.260869565,MN,27,111,Otter Tail ,27111,f27111
MN_Pine,0.086956522,MN,27,115,Pine ,27115,f27115
MN_Pipestone,0.086956522,MN,27,117,Pipestone ,27117,f27117
MN_Pope,0.043478261,MN,27,121,Pope ,27121,f27121
MN_Redwood,0.130434783,MN,27,127,Redwood ,27127,f27127
MN_Rice,0.086956522,MN,27,131,Rice ,27131,f27131
MN_Rock,0.130434783,MN,27,133,Rock ,27133,f27133
MN_Roseau,0.043478261,MN,27,135,Roseau ,27135,f27135
MN_Scott,0.086956522,MN,27,139,Scott ,27139,f27139
MN_Sherburne,0.652173913,MN,27,141,Sherburne ,27141,f27141
MN_St. Louis,0.130434783,MN,27,137,St. Louis ,27137,f27137
MN_Stearns,1.869565217,MN,27,145,Stearns ,27145,f27145
MN_Swift,0.043478261,MN,27,151,Swift ,27151,f27151
MN_Todd,0.434782609,MN,27,153,Todd ,27153,f27153
MN_Traverse,0.043478261,MN,27,155,Traverse ,27155,f27155
MN_Wabasha,0.173913043,MN,27,157,Wabasha ,27157,f27157
MN_Wadena,0.217391304,MN,27,159,Wadena ,27159,f27159
MN_Washington,0.391304348,MN,27,163,Washington ,27163,f27163
MN_Watonwan,0.043478261,MN,27,165,Watonwan ,27165,f27165
MN_Winona,0.347826087,MN,27,169,Winona ,27169,f27169
MN_Wright,0.173913043,MN,27,171,Wright ,27171,f27171
MO_Barry,0.043478261,MO,29,9,Barry ,29009,f29009
MO_Camden,0.043478261,MO,29,29,Camden ,29029,f29029
MO_Dallas,0.043478261,MO,29,59,Dallas ,29059,f29059
MO_Holt,0.043478261,MO,29,87,Holt ,29087,f29087
MO_New Madrid,0.043478261,MO,29,143,New Madrid ,29143,f29143
MO_Perry,0.173913043,MO,29,157,Perry ,29157,f29157
MO_Ripley,0.043478261,MO,29,181,Ripley ,29181,f29181
MO_Stone,0.086956522,MO,29,209,Stone ,29209,f29209
MT_Beaverhead,0.043478261,MT,30,1,Beaverhead ,30001,f30001
MT_Big Horn,0.173913043,MT,30,3,Big Horn ,30003,f30003
MT_Blaine,0.434782609,MT,30,5,Blaine ,30005,f30005
MT_Broadwater,0.130434783,MT,30,7,Broadwater ,30007,f30007
MT_Cascade,0.304347826,MT,30,13,Cascade ,30013,f30013
MT_Daniels,0.47826087,MT,30,19,Daniels ,30019,f30019
MT_Fergus,1.173913043,MT,30,27,Fergus ,30027,f30027
MT_Flathead,0.260869565,MT,30,29,Flathead ,30029,f30029
MT_Gallatin,0.043478261,MT,30,31,Gallatin ,30031,f30031
MT_Glacier,0.130434783,MT,30,35,Glacier ,30035,f30035
MT_Golden Valley,0.173913043,MT,30,37,Golden Valley ,30037,f30037
MT_Granite,0.086956522,MT,30,39,Granite ,30039,f30039
MT_Jefferson,0.260869565,MT,30,43,Jefferson ,30043,f30043
MT_Judith Basin,0.347826087,MT,30,45,Judith Basin ,30045,f30045
MT_Lake,0.217391304,MT,30,47,Lake ,30047,f30047
MT_Lewis and Clark,0.47826087,MT,30,49,Lewis and Clark ,30049,f30049
MT_Meagher,0.043478261,MT,30,59,Meagher ,30059,f30059
MT_Missoula,0.130434783,MT,30,63,Missoula ,30063,f30063
MT_Pondera,0.130434783,MT,30,73,Pondera ,30073,f30073
MT_Ravalli,0.304347826,MT,30,81,Ravalli ,30081,f30081
MT_Richland,0.173913043,MT,30,83,Richland ,30083,f30083
MT_Rosebud,0.217391304,MT,30,87,Rosebud ,30087,f30087
MT_Sheridan,0.173913043,MT,30,91,Sheridan ,30091,f30091
MT_Silver Bow,0.043478261,MT,30,93,Silver Bow ,30093,f30093
MT_Stillwater,0.434782609,MT,30,95,Stillwater ,30095,f30095
MT_Teton,0.217391304,MT,30,99,Teton ,30099,f30099
MT_Valley,0.217391304,MT,30,105,Valley ,30105,f30105
MT_Yellowstone,1.086956522,MT,30,111,Yellowstone ,30111,f30111
NC_Alleghany,0.130434783,NC,37,5,Alleghany ,37005,f37005
NC_Ashe,0.086956522,NC,37,9,Ashe ,37009,f37009
NC_Avery,0.130434783,NC,37,11,Avery ,37011,f37011
NC_Bladen,0.304347826,NC,37,17,Bladen ,37017,f37017
NC_Buncombe,0.130434783,NC,37,21,Buncombe ,37021,f37021
NC_Cabarrus,0.043478261,NC,37,25,Cabarrus ,37025,f37025
NC_Caldwell,0.086956522,NC,37,27,Caldwell ,37027,f37027
NC_Catawba,0.043478261,NC,37,35,Catawba ,37035,f37035
NC_Cumberland,0.782608696,NC,37,51,Cumberland ,37051,f37051
NC_Currituck,0.043478261,NC,37,53,Currituck ,37053,f37053
NC_Dare,0.086956522,NC,37,55,Dare ,37055,f37055
NC_Davie,0.043478261,NC,37,59,Davie ,37059,f37059
NC_Edgecombe,0.043478261,NC,37,65,Edgecombe ,37065,f37065
NC_Forsyth,0.043478261,NC,37,67,Forsyth ,37067,f37067
NC_Franklin,0.304347826,NC,37,69,Franklin ,37069,f37069
NC_Gaston,0.869565217,NC,37,71,Gaston ,37071,f37071
NC_Guilford,0.391304348,NC,37,81,Guilford ,37081,f37081
NC_Henderson,0.086956522,NC,37,89,Henderson ,37089,f37089
NC_Iredell,0.260869565,NC,37,97,Iredell ,37097,f37097
NC_Johnston,0.130434783,NC,37,101,Johnston ,37101,f37101
NC_Madison,0.043478261,NC,37,115,Madison ,37115,f37115
NC_McDowell,0.043478261,NC,37,111,McDowell ,37111,f37111
NC_Mecklenburg,0.043478261,NC,37,119,Mecklenburg ,37119,f37119
NC_Montgomery,0.043478261,NC,37,123,Montgomery ,37123,f37123
NC_Moore,0.173913043,NC,37,125,Moore ,37125,f37125
NC_Nash,0.217391304,NC,37,127,Nash ,37127,f37127
NC_Orange,0.173913043,NC,37,135,Orange ,37135,f37135
NC_Person,0.043478261,NC,37,145,Person ,37145,f37145
NC_Randolph,0.347826087,NC,37,151,Randolph ,37151,f37151
NC_Richmond,0.086956522,NC,37,153,Richmond ,37153,f37153
NC_Robeson,0.086956522,NC,37,155,Robeson ,37155,f37155
NC_Rockingham,0.043478261,NC,37,157,Rockingham ,37157,f37157
NC_Rowan,0.086956522,NC,37,159,Rowan ,37159,f37159
NC_Rutherford,0.086956522,NC,37,161,Rutherford ,37161,f37161
NC_Sampson,0.869565217,NC,37,163,Sampson ,37163,f37163
NC_Stokes,0.043478261,NC,37,169,Stokes ,37169,f37169
NC_Surry,0.043478261,NC,37,171,Surry ,37171,f37171
NC_Transylvania,0.086956522,NC,37,175,Transylvania ,37175,f37175
NC_Vance,0.043478261,NC,37,181,Vance ,37181,f37181
NC_Wake,0.608695652,NC,37,183,Wake ,37183,f37183
NC_Watauga,0.130434783,NC,37,189,Watauga ,37189,f37189
NC_Wayne,0.043478261,NC,37,191,Wayne ,37191,f37191
NC_Wilkes,0.043478261,NC,37,193,Wilkes ,37193,f37193
NC_Wilson,0.52173913,NC,37,195,Wilson ,37195,f37195
NC_Yadkin,0.086956522,NC,37,197,Yadkin ,37197,f37197
ND_Barnes,0.086956522,ND,38,3,Barnes ,38003,f38003
ND_Bottineau,0.086956522,ND,38,9,Bottineau ,38009,f38009
ND_Burke,0.043478261,ND,38,13,Burke ,38013,f38013
ND_McHenry,0.217391304,ND,38,49,McHenry ,38049,f38049
ND_McIntosh,0.043478261,ND,38,51,McIntosh ,38051,f38051
ND_McKenzie,0.086956522,ND,38,53,McKenzie ,38053,f38053
ND_Ward,0.043478261,ND,38,101,Ward ,38101,f38101
NE_Adams,0.913043478,NE,31,1,Adams ,31001,f31001
NE_Antelope,1.52173913,NE,31,3,Antelope ,31003,f31003
NE_Banner,0.086956522,NE,31,7,Banner ,31007,f31007
NE_Box Butte,0.086956522,NE,31,13,Box Butte ,31013,f31013
NE_Buffalo,0.739130435,NE,31,19,Buffalo ,31019,f31019
NE_Burt,0.043478261,NE,31,21,Burt ,31021,f31021
NE_Butler,0.173913043,NE,31,23,Butler ,31023,f31023
NE_Cass,0.434782609,NE,31,25,Cass ,31025,f31025
NE_Cedar,0.695652174,NE,31,27,Cedar ,31027,f31027
NE_Cherry,0.086956522,NE,31,31,Cherry ,31031,f31031
NE_Clay,1.043478261,NE,31,35,Clay ,31035,f31035
NE_Colfax,0.826086957,NE,31,37,Colfax ,31037,f31037
NE_Cuming,0.130434783,NE,31,39,Cuming ,31039,f31039
NE_Custer,0.086956522,NE,31,41,Custer ,31041,f31041
NE_Dawes,0.782608696,NE,31,45,Dawes ,31045,f31045
NE_Dawson,0.086956522,NE,31,47,Dawson ,31047,f31047
NE_Deuel,0.173913043,NE,31,49,Deuel ,31049,f31049
NE_Dixon,0.217391304,NE,31,51,Dixon ,31051,f31051
NE_Dodge,0.739130435,NE,31,53,Dodge ,31053,f31053
NE_Dundy,0.130434783,NE,31,57,Dundy ,31057,f31057
NE_Fillmore,0.217391304,NE,31,59,Fillmore ,31059,f31059
NE_Franklin,0.695652174,NE,31,61,Franklin ,31061,f31061
NE_Frontier,0.043478261,NE,31,63,Frontier ,31063,f31063
NE_Furnas,0.086956522,NE,31,65,Furnas ,31065,f31065
NE_Gage,0.217391304,NE,31,67,Gage ,31067,f31067
NE_Garden,0.217391304,NE,31,69,Garden ,31069,f31069
NE_Gosper,0.260869565,NE,31,73,Gosper ,31073,f31073
NE_Grant,0.130434783,NE,31,75,Grant ,31075,f31075
NE_Hall,2.260869565,NE,31,79,Hall ,31079,f31079
NE_Hamilton,1.304347826,NE,31,81,Hamilton ,31081,f31081
NE_Harlan,0.869565217,NE,31,83,Harlan ,31083,f31083
NE_Hitchcock,0.47826087,NE,31,87,Hitchcock ,31087,f31087
NE_Holt,0.47826087,NE,31,89,Holt ,31089,f31089
NE_Jefferson,0.347826087,NE,31,95,Jefferson ,31095,f31095
NE_Kearney,0.391304348,NE,31,99,Kearney ,31099,f31099
NE_Keith,0.695652174,NE,31,101,Keith ,31101,f31101
NE_Keya Paha,0.130434783,NE,31,103,Keya Paha ,31103,f31103
NE_Knox,0.52173913,NE,31,107,Knox ,31107,f31107
NE_Lancaster,0.826086957,NE,31,109,Lancaster ,31109,f31109
NE_Lincoln,0.043478261,NE,31,111,Lincoln ,31111,f31111
NE_Madison,1.173913043,NE,31,119,Madison ,31119,f31119
NE_Merrick,0.173913043,NE,31,121,Merrick ,31121,f31121
NE_Morrill,0.782608696,NE,31,123,Morrill ,31123,f31123
NE_Nemaha,0.043478261,NE,31,127,Nemaha ,31127,f31127
NE_Nuckolls,0.304347826,NE,31,129,Nuckolls ,31129,f31129
NE_Perkins,0.086956522,NE,31,135,Perkins ,31135,f31135
NE_Phelps,0.47826087,NE,31,137,Phelps ,31137,f31137
NE_Pierce,1.086956522,NE,31,139,Pierce ,31139,f31139
NE_Platte,1.52173913,NE,31,141,Platte ,31141,f31141
NE_Polk,0.608695652,NE,31,143,Polk ,31143,f31143
NE_Red Willow,0.869565217,NE,31,145,Red Willow ,31145,f31145
NE_Richardson,1.260869565,NE,31,147,Richardson ,31147,f31147
NE_Saline,0.304347826,NE,31,151,Saline ,31151,f31151
NE_Sarpy,0.391304348,NE,31,153,Sarpy ,31153,f31153
NE_Saunders,0.913043478,NE,31,155,Saunders ,31155,f31155
NE_Scotts Bluff,1,NE,31,157,Scotts Bluff ,31157,f31157
NE_Seward,1.608695652,NE,31,159,Seward ,31159,f31159
NE_Sheridan,0.043478261,NE,31,161,Sheridan ,31161,f31161
NE_Sherman,0.043478261,NE,31,163,Sherman ,31163,f31163
NE_Sioux,0.130434783,NE,31,165,Sioux ,31165,f31165
NE_Stanton,0.043478261,NE,31,167,Stanton ,31167,f31167
NE_Thayer,0.347826087,NE,31,169,Thayer ,31169,f31169
NE_Thurston,0.217391304,NE,31,173,Thurston ,31173,f31173
NE_Wayne,0.086956522,NE,31,179,Wayne ,31179,f31179
NE_Webster,0.260869565,NE,31,181,Webster ,31181,f31181
NE_York,3,NE,31,185,York ,31185,f31185
NH_Carroll,0.565217391,NH,33,3,Carroll ,33003,f33003
NH_Cheshire,0.043478261,NH,33,5,Cheshire ,33005,f33005
NH_Grafton,0.347826087,NH,33,9,Grafton ,33009,f33009
NH_Hillsborough,0.217391304,NH,33,11,Hillsborough ,33011,f33011
NH_Merrimack,0.043478261,NH,33,13,Merrimack ,33013,f33013
NH_Rockingham,1.086956522,NH,33,15,Rockingham ,33015,f33015
NH_Sullivan,0.043478261,NH,33,19,Sullivan ,33019,f33019
NJ_Atlantic,0.956521739,NJ,34,1,Atlantic ,34001,f34001
NJ_Burlington,0.304347826,NJ,34,5,Burlington ,34005,f34005
NJ_Camden,0.608695652,NJ,34,7,Camden ,34007,f34007
NJ_Cape May,0.347826087,NJ,34,9,Cape May ,34009,f34009
NJ_Cumberland,3.739130435,NJ,34,11,Cumberland ,34011,f34011
NJ_Gloucester,1.391304348,NJ,34,15,Gloucester ,34015,f34015
NJ_Hunterdon,0.347826087,NJ,34,19,Hunterdon ,34019,f34019
NJ_Mercer,0.260869565,NJ,34,21,Mercer ,34021,f34021
NJ_Middlesex,0.217391304,NJ,34,23,Middlesex ,34023,f34023
NJ_Morris,0.47826087,NJ,34,27,Morris ,34027,f34027
NJ_Ocean,0.086956522,NJ,34,29,Ocean ,34029,f34029
NJ_Passaic,0.130434783,NJ,34,31,Passaic ,34031,f34031
NJ_Salem,1.913043478,NJ,34,33,Salem ,34033,f34033
NJ_Sussex,1.304347826,NJ,34,37,Sussex ,34037,f34037
NJ_Warren,1.260869565,NJ,34,41,Warren ,34041,f34041
NM_Bernalillo,0.869565217,NM,35,1,Bernalillo ,35001,f35001
NM_Cibola,0.043478261,NM,35,6,Cibola ,35006,f35006
NM_Curry,0.173913043,NM,35,9,Curry ,35009,f35009
NM_Dona Ana,0.130434783,NM,35,13,Dona Ana ,35013,f35013
NM_Eddy,0.086956522,NM,35,15,Eddy ,35015,f35015
NM_Guadalupe,0.086956522,NM,35,19,Guadalupe ,35019,f35019
NM_Lea,0.173913043,NM,35,25,Lea ,35025,f35025
NM_Lincoln,0.086956522,NM,35,27,Lincoln ,35027,f35027
NM_Luna,0.043478261,NM,35,29,Luna ,35029,f35029
NM_Mora,0.043478261,NM,35,33,Mora ,35033,f35033
NM_Rio Arriba,0.217391304,NM,35,39,Rio Arriba ,35039,f35039
NM_Roosevelt,0.043478261,NM,35,41,Roosevelt ,35041,f35041
NM_San Miguel,0.043478261,NM,35,47,San Miguel ,35047,f35047
NM_Santa Fe,0.347826087,NM,35,49,Santa Fe ,35049,f35049
NM_Taos,0.043478261,NM,35,55,Taos ,35055,f35055
NM_Torrance,0.652173913,NM,35,57,Torrance ,35057,f35057
NV_Churchill,0.086956522,NV,32,1,Churchill ,32001,f32001
NV_Clark,0.086956522,NV,32,3,Clark ,32003,f32003
NV_Eureka,0.043478261,NV,32,11,Eureka ,32011,f32011
NV_Humboldt,0.217391304,NV,32,13,Humboldt ,32013,f32013
NV_Lincoln,0.217391304,NV,32,17,Lincoln ,32017,f32017
NV_Lyon,0.086956522,NV,32,19,Lyon ,32019,f32019
NV_Nye,0.217391304,NV,32,23,Nye ,32023,f32023
NV_Washoe,0.173913043,NV,32,31,Washoe ,32031,f32031
NY_Broome,0.043478261,NY,36,7,Broome ,36007,f36007
NY_Cattaraugus,0.086956522,NY,36,9,Cattaraugus ,36009,f36009
NY_Cayuga,0.260869565,NY,36,11,Cayuga ,36011,f36011
NY_Chautauqua,0.043478261,NY,36,13,Chautauqua ,36013,f36013
NY_Chemung,0.086956522,NY,36,15,Chemung ,36015,f36015
NY_Cortland,0.304347826,NY,36,23,Cortland ,36023,f36023
NY_Delaware,0.043478261,NY,36,25,Delaware ,36025,f36025
NY_Dutchess,0.652173913,NY,36,27,Dutchess ,36027,f36027
NY_Erie,0.130434783,NY,36,29,Erie ,36029,f36029
NY_Franklin,0.086956522,NY,36,33,Franklin ,36033,f36033
NY_Genesee,0.043478261,NY,36,37,Genesee ,36037,f36037
NY_Jefferson,0.391304348,NY,36,45,Jefferson ,36045,f36045
NY_Lewis,0.043478261,NY,36,49,Lewis ,36049,f36049
NY_Livingston,0.173913043,NY,36,51,Livingston ,36051,f36051
NY_Madison,0.217391304,NY,36,53,Madison ,36053,f36053
NY_Montgomery,0.043478261,NY,36,57,Montgomery ,36057,f36057
NY_Oneida,0.130434783,NY,36,65,Oneida ,36065,f36065
NY_Onondaga,0.043478261,NY,36,67,Onondaga ,36067,f36067
NY_Oswego,0.173913043,NY,36,75,Oswego ,36075,f36075
NY_Otsego,0.130434783,NY,36,77,Otsego ,36077,f36077
NY_Putnam,0.608695652,NY,36,79,Putnam ,36079,f36079
NY_Rensselaer,0.043478261,NY,36,83,Rensselaer ,36083,f36083
NY_Rockland,0.043478261,NY,36,87,Rockland ,36087,f36087
NY_Saratoga,0.434782609,NY,36,91,Saratoga ,36091,f36091
NY_Schoharie,0.391304348,NY,36,95,Schoharie ,36095,f36095
NY_Seneca,0.130434783,NY,36,99,Seneca ,36099,f36099
NY_St. Lawrence,0.043478261,NY,36,89,St. Lawrence ,36089,f36089
NY_Steuben,0.304347826,NY,36,101,Steuben ,36101,f36101
NY_Suffolk,0.434782609,NY,36,103,Suffolk ,36103,f36103
NY_Washington,0.130434783,NY,36,115,Washington ,36115,f36115
NY_Wayne,0.260869565,NY,36,117,Wayne ,36117,f36117
NY_Westchester,0.217391304,NY,36,119,Westchester ,36119,f36119
NY_Wyoming,0.304347826,NY,36,121,Wyoming ,36121,f36121
NY_Yates,0.217391304,NY,36,123,Yates ,36123,f36123
OH_Auglaize,0.043478261,OH,39,11,Auglaize ,39011,f39011
OH_Champaign,0.52173913,OH,39,21,Champaign ,39021,f39021
OH_Clark,0.608695652,OH,39,23,Clark ,39023,f39023
OH_Coshocton,0.391304348,OH,39,31,Coshocton ,39031,f39031
OH_Defiance,0.304347826,OH,39,39,Defiance ,39039,f39039
OH_Erie,0.086956522,OH,39,43,Erie ,39043,f39043
OH_Fairfield,0.130434783,OH,39,45,Fairfield ,39045,f39045
OH_Franklin,0.260869565,OH,39,49,Franklin ,39049,f39049
OH_Fulton,0.043478261,OH,39,51,Fulton ,39051,f39051
OH_Geauga,0.217391304,OH,39,55,Geauga ,39055,f39055
OH_Greene,0.130434783,OH,39,57,Greene ,39057,f39057
OH_Hamilton,0.086956522,OH,39,61,Hamilton ,39061,f39061
OH_Henry,0.826086957,OH,39,69,Henry ,39069,f39069
OH_Hocking,0.043478261,OH,39,73,Hocking ,39073,f39073
OH_Huron,0.086956522,OH,39,77,Huron ,39077,f39077
OH_Jefferson,0.043478261,OH,39,81,Jefferson ,39081,f39081
OH_Knox,0.173913043,OH,39,83,Knox ,39083,f39083
OH_Lucas,0.043478261,OH,39,95,Lucas ,39095,f39095
OH_Meigs,0.043478261,OH,39,105,Meigs ,39105,f39105
OH_Miami,0.869565217,OH,39,109,Miami ,39109,f39109
OH_Montgomery,0.130434783,OH,39,113,Montgomery ,39113,f39113
OH_Muskingum,0.173913043,OH,39,119,Muskingum ,39119,f39119
OH_Perry,0.043478261,OH,39,127,Perry ,39127,f39127
OH_Pickaway,0.173913043,OH,39,129,Pickaway ,39129,f39129
OH_Richland,0.173913043,OH,39,139,Richland ,39139,f39139
OH_Ross,0.130434783,OH,39,141,Ross ,39141,f39141
OH_Sandusky,0.47826087,OH,39,143,Sandusky ,39143,f39143
OH_Seneca,0.130434783,OH,39,147,Seneca ,39147,f39147
OH_Stark,0.043478261,OH,39,151,Stark ,39151,f39151
OH_Summit,0.043478261,OH,39,153,Summit ,39153,f39153
OH_Van Wert,0.086956522,OH,39,161,Van Wert ,39161,f39161
OH_Warren,0.260869565,OH,39,165,Warren ,39165,f39165
OH_Washington,0.260869565,OH,39,167,Washington ,39167,f39167
OH_Wayne,0.217391304,OH,39,169,Wayne ,39169,f39169
OH_Wood,0.217391304,OH,39,173,Wood ,39173,f39173
OH_Wyandot,0.260869565,OH,39,175,Wyandot ,39175,f39175
OK_Alfalfa,2.695652174,OK,40,3,Alfalfa ,40003,f40003
OK_Beaver,0.086956522,OK,40,7,Beaver ,40007,f40007
OK_Beckham,1,OK,40,9,Beckham ,40009,f40009
OK_Blaine,2.565217391,OK,40,11,Blaine ,40011,f40011
OK_Caddo,1.260869565,OK,40,15,Caddo ,40015,f40015
OK_Canadian,1.173913043,OK,40,17,Canadian ,40017,f40017
OK_Cherokee,0.043478261,OK,40,21,Cherokee ,40021,f40021
OK_Cimarron,0.043478261,OK,40,25,Cimarron ,40025,f40025
OK_Cleveland,0.434782609,OK,40,27,Cleveland ,40027,f40027
OK_Comanche,0.130434783,OK,40,31,Comanche ,40031,f40031
OK_Cotton,0.565217391,OK,40,33,Cotton ,40033,f40033
OK_Custer,0.434782609,OK,40,39,Custer ,40039,f40039
OK_Dewey,0.565217391,OK,40,43,Dewey ,40043,f40043
OK_Ellis,0.260869565,OK,40,45,Ellis ,40045,f40045
OK_Garfield,1.391304348,OK,40,47,Garfield ,40047,f40047
OK_Grady,0.47826087,OK,40,51,Grady ,40051,f40051
OK_Grant,0.695652174,OK,40,53,Grant ,40053,f40053
OK_Greer,1.608695652,OK,40,55,Greer ,40055,f40055
OK_Harmon,1.173913043,OK,40,57,Harmon ,40057,f40057
OK_Harper,0.130434783,OK,40,59,Harper ,40059,f40059
OK_Jackson,0.260869565,OK,40,65,Jackson ,40065,f40065
OK_Jefferson,0.043478261,OK,40,67,Jefferson ,40067,f40067
OK_Kay,0.043478261,OK,40,71,Kay ,40071,f40071
OK_Kingfisher,3.043478261,OK,40,73,Kingfisher ,40073,f40073
OK_Kiowa,0.47826087,OK,40,75,Kiowa ,40075,f40075
OK_Lincoln,0.130434783,OK,40,81,Lincoln ,40081,f40081
OK_Logan,1.173913043,OK,40,83,Logan ,40083,f40083
OK_Major,1.304347826,OK,40,93,Major ,40093,f40093
OK_Marshall,0.043478261,OK,40,95,Marshall ,40095,f40095
OK_McClain,0.173913043,OK,40,87,McClain ,40087,f40087
OK_Oklahoma,0.130434783,OK,40,109,Oklahoma ,40109,f40109
OK_Osage,1.391304348,OK,40,113,Osage ,40113,f40113
OK_Payne,0.608695652,OK,40,119,Payne ,40119,f40119
OK_Pottawatomie,0.130434783,OK,40,125,Pottawatomie ,40125,f40125
OK_Roger Mills,0.130434783,OK,40,129,Roger Mills ,40129,f40129
OK_Stephens,0.130434783,OK,40,137,Stephens ,40137,f40137
OK_Texas,0.043478261,OK,40,139,Texas ,40139,f40139
OK_Tillman,1.608695652,OK,40,141,Tillman ,40141,f40141
OK_Washita,1,OK,40,149,Washita ,40149,f40149
OK_Woods,0.47826087,OK,40,151,Woods ,40151,f40151
OK_Woodward,0.739130435,OK,40,153,Woodward ,40153,f40153
OR_Benton,0.217391304,OR,41,3,Benton ,41003,f41003
OR_Clackamas,0.217391304,OR,41,5,Clackamas ,41005,f41005
OR_Columbia,0.086956522,OR,41,9,Columbia ,41009,f41009
OR_Coos,0.130434783,OR,41,11,Coos ,41011,f41011
OR_Crook,0.086956522,OR,41,13,Crook ,41013,f41013
OR_Deschutes,0.043478261,OR,41,17,Deschutes ,41017,f41017
OR_Harney,0.217391304,OR,41,25,Harney ,41025,f41025
OR_Jefferson,0.086956522,OR,41,31,Jefferson ,41031,f41031
OR_Josephine,0.043478261,OR,41,33,Josephine ,41033,f41033
OR_Klamath,0.304347826,OR,41,35,Klamath ,41035,f41035
OR_Lane,0.304347826,OR,41,39,Lane ,41039,f41039
OR_Linn,0.130434783,OR,41,43,Linn ,41043,f41043
OR_Malheur,0.652173913,OR,41,45,Malheur ,41045,f41045
OR_Marion,0.434782609,OR,41,47,Marion ,41047,f41047
OR_Morrow,0.130434783,OR,41,49,Morrow ,41049,f41049
OR_Polk,0.260869565,OR,41,53,Polk ,41053,f41053
OR_Sherman,0.043478261,OR,41,55,Sherman ,41055,f41055
OR_Umatilla,1.52173913,OR,41,59,Umatilla ,41059,f41059
OR_Union,0.043478261,OR,41,61,Union ,41061,f41061
OR_Wasco,0.173913043,OR,41,65,Wasco ,41065,f41065
OR_Washington,0.086956522,OR,41,67,Washington ,41067,f41067
PA_Adams,1.391304348,PA,42,1,Adams ,42001,f42001
PA_Allegheny,0.043478261,PA,42,3,Allegheny ,42003,f42003
PA_Armstrong,0.130434783,PA,42,5,Armstrong ,42005,f42005
PA_Beaver,0.130434783,PA,42,7,Beaver ,42007,f42007
PA_Bedford,1.130434783,PA,42,9,Bedford ,42009,f42009
PA_Berks,2.956521739,PA,42,11,Berks ,42011,f42011
PA_Blair,0.260869565,PA,42,13,Blair ,42013,f42013
PA_Bradford,0.086956522,PA,42,15,Bradford ,42015,f42015
PA_Bucks,0.652173913,PA,42,17,Bucks ,42017,f42017
PA_Butler,0.304347826,PA,42,19,Butler ,42019,f42019
PA_Cambria,0.086956522,PA,42,21,Cambria ,42021,f42021
PA_Centre,0.130434783,PA,42,27,Centre ,42027,f42027
PA_Chester,7.608695652,PA,42,29,Chester ,42029,f42029
PA_Clarion,0.043478261,PA,42,31,Clarion ,42031,f42031
PA_Clearfield,0.043478261,PA,42,33,Clearfield ,42033,f42033
PA_Clinton,0.217391304,PA,42,35,Clinton ,42035,f42035
PA_Columbia,0.130434783,PA,42,37,Columbia ,42037,f42037
PA_Crawford,0.304347826,PA,42,39,Crawford ,42039,f42039
PA_Cumberland,0.260869565,PA,42,41,Cumberland ,42041,f42041
PA_Dauphin,0.47826087,PA,42,43,Dauphin ,42043,f42043
PA_Delaware,0.52173913,PA,42,45,Delaware ,42045,f42045
PA_Erie,0.652173913,PA,42,49,Erie ,42049,f42049
PA_Franklin,2.217391304,PA,42,55,Franklin ,42055,f42055
PA_Huntingdon,0.130434783,PA,42,61,Huntingdon ,42061,f42061
PA_Indiana,0.391304348,PA,42,63,Indiana ,42063,f42063
PA_Jefferson,0.043478261,PA,42,65,Jefferson ,42065,f42065
PA_Juniata,0.043478261,PA,42,67,Juniata ,42067,f42067
PA_Lancaster,25.04347826,PA,42,71,Lancaster ,42071,f42071
PA_Lawrence,0.043478261,PA,42,73,Lawrence ,42073,f42073
PA_Lebanon,1.913043478,PA,42,75,Lebanon ,42075,f42075
PA_Lehigh,2.304347826,PA,42,77,Lehigh ,42077,f42077
PA_Luzerne,0.217391304,PA,42,79,Luzerne ,42079,f42079
PA_Lycoming,0.217391304,PA,42,81,Lycoming ,42081,f42081
PA_Mercer,0.086956522,PA,42,85,Mercer ,42085,f42085
PA_Mifflin,0.043478261,PA,42,87,Mifflin ,42087,f42087
PA_Monroe,0.391304348,PA,42,89,Monroe ,42089,f42089
PA_Montgomery,0.347826087,PA,42,91,Montgomery ,42091,f42091
PA_Northampton,2.782608696,PA,42,95,Northampton ,42095,f42095
PA_Northumberland,0.043478261,PA,42,97,Northumberland ,42097,f42097
PA_Perry,0.304347826,PA,42,99,Perry ,42099,f42099
PA_Potter,0.043478261,PA,42,105,Potter ,42105,f42105
PA_Schuylkill,0.652173913,PA,42,107,Schuylkill ,42107,f42107
PA_Snyder,0.130434783,PA,42,109,Snyder ,42109,f42109
PA_Somerset,0.043478261,PA,42,111,Somerset ,42111,f42111
PA_Sullivan,0.086956522,PA,42,113,Sullivan ,42113,f42113
PA_Tioga,0.304347826,PA,42,117,Tioga ,42117,f42117
PA_Union,1.608695652,PA,42,119,Union ,42119,f42119
PA_Washington,0.130434783,PA,42,125,Washington ,42125,f42125
PA_Wayne,0.173913043,PA,42,127,Wayne ,42127,f42127
PA_Westmoreland,0.086956522,PA,42,129,Westmoreland ,42129,f42129
PA_Wyoming,0.086956522,PA,42,131,Wyoming ,42131,f42131
PA_York,4.826086957,PA,42,133,York ,42133,f42133
PR_Arecibo Municipio,0.043478261,PR,72,13,Arecibo Municipio,72013,f72013
PR_Barceloneta Municipio,0.043478261,PR,72,17,Barceloneta Municipio,72017,f72017
PR_Guanica Municipio,0.086956522,PR,72,55,Guanica Municipio,72055,f72055
PR_Juana Diaz Municipio,0.130434783,PR,72,75,Juana Diaz Municipio,72075,f72075
PR_Manati Municipio,0.260869565,PR,72,91,Manati Municipio,72091,f72091
PR_Vega Baja Municipio,0.043478261,PR,72,145,Vega Baja Municipio,72145,f72145
RI_Kent,0.173913043,RI,44,3,Kent ,44003,f44003
RI_Newport,0.217391304,RI,44,5,Newport ,44005,f44005
RI_Providence,0.043478261,RI,44,7,Providence ,44007,f44007
RI_Washington,0.652173913,RI,44,9,Washington ,44009,f44009
SC_Aiken,0.043478261,SC,45,3,Aiken ,45003,f45003
SC_Florence,0.043478261,SC,45,41,Florence ,45041,f45041
SC_Laurens,0.173913043,SC,45,59,Laurens ,45059,f45059
SC_Lexington,0.043478261,SC,45,63,Lexington ,45063,f45063
SC_Sumter,0.130434783,SC,45,85,Sumter ,45085,f45085
SC_York,0.217391304,SC,45,91,York ,45091,f45091
SD_Bennett,0.130434783,SD,46,7,Bennett ,46007,f46007
SD_Brookings,0.086956522,SD,46,11,Brookings ,46011,f46011
SD_Codington,0.130434783,SD,46,29,Codington ,46029,f46029
SD_Custer,0.086956522,SD,46,33,Custer ,46033,f46033
SD_Fall River,0.130434783,SD,46,47,Fall River ,46047,f46047
SD_Gregory,0.217391304,SD,46,53,Gregory ,46053,f46053
SD_Haakon,0.130434783,SD,46,55,Haakon ,46055,f46055
SD_Hamlin,0.260869565,SD,46,57,Hamlin ,46057,f46057
SD_Lake,0.043478261,SD,46,79,Lake ,46079,f46079
SD_Lawrence,0.347826087,SD,46,81,Lawrence ,46081,f46081
SD_Marshall,0.086956522,SD,46,91,Marshall ,46091,f46091
SD_Meade,0.217391304,SD,46,93,Meade ,46093,f46093
SD_Minnehaha,0.391304348,SD,46,99,Minnehaha ,46099,f46099
SD_Moody,0.043478261,SD,46,101,Moody ,46101,f46101
SD_Pennington,0.260869565,SD,46,103,Pennington ,46103,f46103
TN_Monroe,0.043478261,TN,47,123,Monroe ,47123,f47123
TN_Weakley,0.043478261,TN,47,183,Weakley ,47183,f47183
TX_Bailey,0.304347826,TX,48,17,Bailey ,48017,f48017
TX_Baylor,0.347826087,TX,48,23,Baylor ,48023,f48023
TX_Bee,0.086956522,TX,48,25,Bee ,48025,f48025
TX_Bexar,0.130434783,TX,48,29,Bexar ,48029,f48029
TX_Briscoe,1,TX,48,45,Briscoe ,48045,f48045
TX_Burnet,0.086956522,TX,48,53,Burnet ,48053,f48053
TX_Caldwell,0.434782609,TX,48,55,Caldwell ,48055,f48055
TX_Clay,0.739130435,TX,48,77,Clay ,48077,f48077
TX_Cochran,0.086956522,TX,48,79,Cochran ,48079,f48079
TX_Collingsworth,1.913043478,TX,48,87,Collingsworth ,48087,f48087
TX_Colorado,0.217391304,TX,48,89,Colorado ,48089,f48089
TX_Comal,0.043478261,TX,48,91,Comal ,48091,f48091
TX_Concho,1.130434783,TX,48,95,Concho ,48095,f48095
TX_Cottle,0.043478261,TX,48,101,Cottle ,48101,f48101
TX_Dallam,0.043478261,TX,48,111,Dallam ,48111,f48111
TX_Dawson,1.086956522,TX,48,115,Dawson ,48115,f48115
TX_Deaf Smith,0.043478261,TX,48,117,Deaf Smith ,48117,f48117
TX_DeWitt,0.217391304,TX,48,123,DeWitt ,48123,f48123
TX_Duval,0.086956522,TX,48,131,Duval ,48131,f48131
TX_Eastland,0.304347826,TX,48,133,Eastland ,48133,f48133
TX_Ector,2.608695652,TX,48,135,Ector ,48135,f48135
TX_Falls,0.043478261,TX,48,145,Falls ,48145,f48145
TX_Foard,0.260869565,TX,48,155,Foard ,48155,f48155
TX_Gaines,0.608695652,TX,48,165,Gaines ,48165,f48165
TX_Garza,0.391304348,TX,48,169,Garza ,48169,f48169
TX_Gillespie,0.086956522,TX,48,171,Gillespie ,48171,f48171
TX_Glasscock,0.652173913,TX,48,173,Glasscock ,48173,f48173
TX_Goliad,0.043478261,TX,48,175,Goliad ,48175,f48175
TX_Gray,0.043478261,TX,48,179,Gray ,48179,f48179
TX_Guadalupe,0.086956522,TX,48,187,Guadalupe ,48187,f48187
TX_Hale,0.130434783,TX,48,189,Hale ,48189,f48189
TX_Hall,1.565217391,TX,48,191,Hall ,48191,f48191
TX_Hardeman,0.304347826,TX,48,197,Hardeman ,48197,f48197
TX_Harris,0.043478261,TX,48,201,Harris ,48201,f48201
TX_Haskell,1.782608696,TX,48,207,Haskell ,48207,f48207
TX_Hidalgo,1.391304348,TX,48,215,Hidalgo ,48215,f48215
TX_Hockley,1.043478261,TX,48,219,Hockley ,48219,f48219
TX_Hood,0.130434783,TX,48,221,Hood ,48221,f48221
TX_Howard,0.434782609,TX,48,227,Howard ,48227,f48227
TX_Jeff Davis,0.47826087,TX,48,243,Jeff Davis ,48243,f48243
TX_Karnes,0.173913043,TX,48,255,Karnes ,48255,f48255
TX_Kerr,0.043478261,TX,48,265,Kerr ,48265,f48265
TX_King,0.695652174,TX,48,269,King ,48269,f48269
TX_Knox,1.217391304,TX,48,275,Knox ,48275,f48275
TX_Lamb,0.565217391,TX,48,279,Lamb ,48279,f48279
TX_Llano,1.47826087,TX,48,299,Llano ,48299,f48299
TX_Lubbock,9.304347826,TX,48,303,Lubbock ,48303,f48303
TX_Lynn,1.260869565,TX,48,305,Lynn ,48305,f48305
TX_Martin,1.652173913,TX,48,317,Martin ,48317,f48317
TX_McCulloch,0.130434783,TX,48,307,McCulloch ,48307,f48307
TX_Midland,8.391304348,TX,48,329,Midland ,48329,f48329
TX_Mills,0.391304348,TX,48,333,Mills ,48333,f48333
TX_Montague,0.043478261,TX,48,337,Montague ,48337,f48337
TX_Motley,0.826086957,TX,48,345,Motley ,48345,f48345
TX_Nolan,0.869565217,TX,48,353,Nolan ,48353,f48353
TX_Parker,0.043478261,TX,48,367,Parker ,48367,f48367
TX_Parmer,0.043478261,TX,48,369,Parmer ,48369,f48369
TX_Randall,0.173913043,TX,48,381,Randall ,48381,f48381
TX_Runnels,0.434782609,TX,48,399,Runnels ,48399,f48399
TX_Scurry,0.086956522,TX,48,415,Scurry ,48415,f48415
TX_Starr,0.391304348,TX,48,427,Starr ,48427,f48427
TX_Stonewall,0.130434783,TX,48,433,Stonewall ,48433,f48433
TX_Terry,0.47826087,TX,48,445,Terry ,48445,f48445
TX_Tom Green,0.304347826,TX,48,451,Tom Green ,48451,f48451
TX_Uvalde,0.304347826,TX,48,463,Uvalde ,48463,f48463
TX_Val Verde,1,TX,48,465,Val Verde ,48465,f48465
TX_Webb,0.043478261,TX,48,479,Webb ,48479,f48479
TX_Wharton,0.043478261,TX,48,481,Wharton ,48481,f48481
TX_Wheeler,0.782608696,TX,48,483,Wheeler ,48483,f48483
TX_Wichita,0.869565217,TX,48,485,Wichita ,48485,f48485
TX_Wilbarger,4.739130435,TX,48,487,Wilbarger ,48487,f48487
TX_Williamson,0.217391304,TX,48,491,Williamson ,48491,f48491
TX_Yoakum,0.130434783,TX,48,501,Yoakum ,48501,f48501
TX_Zavala,0.043478261,TX,48,507,Zavala ,48507,f48507
UT_Box Elder,0.086956522,UT,49,3,Box Elder ,49003,f49003
VA_Accomack,0.043478261,VA,51,1,Accomack ,51001,f51001
VA_Albemarle,0.086956522,VA,51,3,Albemarle ,51003,f51003
VA_Bedford,0.043478261,VA,51,19,Bedford ,51019,f51019
VA_Brunswick,0.043478261,VA,51,25,Brunswick ,51025,f51025
VA_Campbell,0.086956522,VA,51,31,Campbell ,51031,f51031
VA_Culpeper,0.043478261,VA,51,47,Culpeper ,51047,f51047
VA_Franklin,0.086956522,VA,51,67,Franklin ,51067,f51067
VA_Grayson,0.043478261,VA,51,77,Grayson ,51077,f51077
VA_Henry,0.173913043,VA,51,89,Henry ,51089,f51089
VA_Madison,0.043478261,VA,51,113,Madison ,51113,f51113
VA_Mecklenburg,0.043478261,VA,51,117,Mecklenburg ,51117,f51117
VA_Nelson,0.043478261,VA,51,125,Nelson ,51125,f51125
VA_Nottoway,0.217391304,VA,51,135,Nottoway ,51135,f51135
VA_Page,0.043478261,VA,51,139,Page ,51139,f51139
VA_Roanoke,0.043478261,VA,51,161,Roanoke ,51161,f51161
VI_St. Croix Island,0.826086957,VI,78,10,St. Croix Island,78010,f78010
VT_Caledonia,0.086956522,VT,50,5,Caledonia ,50005,f50005
VT_Franklin,0.043478261,VT,50,11,Franklin ,50011,f50011
VT_Rutland,0.043478261,VT,50,21,Rutland ,50021,f50021
VT_Windsor,0.043478261,VT,50,27,Windsor ,50027,f50027
WA_Adams,0.391304348,WA,53,1,Adams ,53001,f53001
WA_Benton,2.782608696,WA,53,5,Benton ,53005,f53005
WA_Chelan,0.173913043,WA,53,7,Chelan ,53007,f53007
WA_Clallam,0.043478261,WA,53,9,Clallam ,53009,f53009
WA_Douglas,1.608695652,WA,53,17,Douglas ,53017,f53017
WA_Ferry,0.347826087,WA,53,19,Ferry ,53019,f53019
WA_Franklin,1.956521739,WA,53,21,Franklin ,53021,f53021
WA_Grant,2.391304348,WA,53,25,Grant ,53025,f53025
WA_Island,0.304347826,WA,53,29,Island ,53029,f53029
WA_Klickitat,0.47826087,WA,53,39,Klickitat ,53039,f53039
WA_Lincoln,0.52173913,WA,53,43,Lincoln ,53043,f53043
WA_Okanogan,0.304347826,WA,53,47,Okanogan ,53047,f53047
WA_Pierce,0.347826087,WA,53,53,Pierce ,53053,f53053
WA_Spokane,0.434782609,WA,53,63,Spokane ,53063,f53063
WA_Stevens,0.260869565,WA,53,65,Stevens ,53065,f53065
WA_Walla Walla,3.739130435,WA,53,71,Walla Walla ,53071,f53071
WA_Whatcom,4.347826087,WA,53,73,Whatcom ,53073,f53073
WA_Whitman,0.47826087,WA,53,75,Whitman ,53075,f53075
WA_Yakima,0.695652174,WA,53,77,Yakima ,53077,f53077
WI_Adams,0.652173913,WI,55,1,Adams ,55001,f55001
WI_Ashland,0.086956522,WI,55,3,Ashland ,55003,f55003
WI_Barron,1.086956522,WI,55,5,Barron ,55005,f55005
WI_Brown,0.043478261,WI,55,9,Brown ,55009,f55009
WI_Buffalo,0.260869565,WI,55,11,Buffalo ,55011,f55011
WI_Calumet,0.173913043,WI,55,15,Calumet ,55015,f55015
WI_Chippewa,1.260869565,WI,55,17,Chippewa ,55017,f55017
WI_Clark,0.086956522,WI,55,19,Clark ,55019,f55019
WI_Columbia,1.347826087,WI,55,21,Columbia ,55021,f55021
WI_Crawford,0.043478261,WI,55,23,Crawford ,55023,f55023
WI_Dane,1.913043478,WI,55,25,Dane ,55025,f55025
WI_Dodge,0.826086957,WI,55,27,Dodge ,55027,f55027
WI_Door,0.52173913,WI,55,29,Door ,55029,f55029
WI_Dunn,0.565217391,WI,55,33,Dunn ,55033,f55033
WI_Eau Claire,0.52173913,WI,55,35,Eau Claire ,55035,f55035
WI_Florence,0.173913043,WI,55,37,Florence ,55037,f55037
WI_Fond du Lac,0.608695652,WI,55,39,Fond du Lac ,55039,f55039
WI_Forest,0.043478261,WI,55,41,Forest ,55041,f55041
WI_Grant,0.173913043,WI,55,43,Grant ,55043,f55043
WI_Green,0.173913043,WI,55,45,Green ,55045,f55045
WI_Green Lake,0.173913043,WI,55,47,Green Lake ,55047,f55047
WI_Iowa,0.173913043,WI,55,49,Iowa ,55049,f55049
WI_Iron,0.173913043,WI,55,51,Iron ,55051,f55051
WI_Jackson,0.608695652,WI,55,53,Jackson ,55053,f55053
WI_Jefferson,0.52173913,WI,55,55,Jefferson ,55055,f55055
WI_Juneau,0.434782609,WI,55,57,Juneau ,55057,f55057
WI_Kenosha,0.086956522,WI,55,59,Kenosha ,55059,f55059
WI_La Crosse,1.130434783,WI,55,63,La Crosse ,55063,f55063
WI_Lafayette,0.173913043,WI,55,65,Lafayette ,55065,f55065
WI_Langlade,0.173913043,WI,55,67,Langlade ,55067,f55067
WI_Lincoln,0.173913043,WI,55,69,Lincoln ,55069,f55069
WI_Manitowoc,0.304347826,WI,55,71,Manitowoc ,55071,f55071
WI_Marathon,1.347826087,WI,55,73,Marathon ,55073,f55073
WI_Marinette,0.565217391,WI,55,75,Marinette ,55075,f55075
WI_Marquette,0.391304348,WI,55,77,Marquette ,55077,f55077
WI_Monroe,0.608695652,WI,55,81,Monroe ,55081,f55081
WI_Oconto,0.173913043,WI,55,83,Oconto ,55083,f55083
WI_Oneida,0.869565217,WI,55,85,Oneida ,55085,f55085
WI_Outagamie,0.043478261,WI,55,87,Outagamie ,55087,f55087
WI_Pepin,0.173913043,WI,55,91,Pepin ,55091,f55091
WI_Pierce,0.695652174,WI,55,93,Pierce ,55093,f55093
WI_Polk,0.086956522,WI,55,95,Polk ,55095,f55095
WI_Portage,2.695652174,WI,55,97,Portage ,55097,f55097
WI_Racine,0.260869565,WI,55,101,Racine ,55101,f55101
WI_Richland,0.043478261,WI,55,103,Richland ,55103,f55103
WI_Rock,2.47826087,WI,55,105,Rock ,55105,f55105
WI_Rusk,0.086956522,WI,55,107,Rusk ,55107,f55107
WI_Sauk,0.695652174,WI,55,111,Sauk ,55111,f55111
WI_Shawano,0.608695652,WI,55,115,Shawano ,55115,f55115
WI_St. Croix,0.782608696,WI,55,109,St. Croix ,55109,f55109
WI_Trempealeau,0.260869565,WI,55,121,Trempealeau ,55121,f55121
WI_Vernon,0.043478261,WI,55,123,Vernon ,55123,f55123
WI_Vilas,1,WI,55,125,Vilas ,55125,f55125
WI_Walworth,1.130434783,WI,55,127,Walworth ,55127,f55127
WI_Washburn,0.043478261,WI,55,129,Washburn ,55129,f55129
WI_Washington,0.391304348,WI,55,131,Washington ,55131,f55131
WI_Waukesha,1.086956522,WI,55,133,Waukesha ,55133,f55133
WI_Waupaca,0.869565217,WI,55,135,Waupaca ,55135,f55135
WI_Waushara,0.608695652,WI,55,137,Waushara ,55137,f55137
WI_Winnebago,0.217391304,WI,55,139,Winnebago ,55139,f55139
WI_Wood,0.47826087,WI,55,141,Wood ,55141,f55141
WV_Berkeley,0.217391304,WV,54,3,Berkeley ,54003,f54003
WV_Jefferson,0.652173913,WV,54,37,Jefferson ,54037,f54037
WV_Mason,0.043478261,WV,54,53,Mason ,54053,f54053
WV_Mingo,0.086956522,WV,54,59,Mingo ,54059,f54059
WY_Goshen,0.217391304,WY,56,15,Goshen ,56015,f56015
WY_Laramie,0.130434783,WY,56,21,Laramie ,56021,f56021
WY_Natrona,0.043478261,WY,56,25,Natrona ,56025,f56025
WY_Teton,0.086956522,WY,56,39,Teton ,56039,f56039